{
  "predictions_raw": [
    1.0,
    1.0,
    1.0,
    2.0,
    2.0,
    1.0,
    2.0,
    2.0,
    1.0,
    2.0,
    2.0,
    2.0,
    2.0,
    2.0,
    2.0,
    1.0,
    2.0,
    1.0,
    2.0,
    2.0,
    2.0,
    2.0,
    2.0,
    2.0,
    10.0,
    9.0,
    10.0,
    9.0,
    10.0,
    9.0,
    9.0,
    10.0,
    9.0,
    10.0,
    9.0,
    9.0,
    2.0,
    8.0,
    7.0,
    9.0,
    1.0,
    2.0,
    2.0,
    2.0,
    2.0,
    2.0,
    2.0,
    2.0,
    10.0,
    10.0
  ],
  "predictions_binary": [
    0,
    0,
    0,
    0,
    0,
    0,
    0,
    0,
    0,
    0,
    0,
    0,
    0,
    0,
    0,
    0,
    0,
    0,
    0,
    0,
    0,
    0,
    0,
    0,
    1,
    1,
    1,
    1,
    1,
    1,
    1,
    1,
    1,
    1,
    1,
    1,
    0,
    1,
    1,
    1,
    0,
    0,
    0,
    0,
    0,
    0,
    0,
    0,
    1,
    1
  ],
  "actuals": [
    0,
    0,
    0,
    0,
    0,
    0,
    0,
    0,
    0,
    0,
    0,
    0,
    0,
    0,
    0,
    0,
    0,
    0,
    0,
    0,
    0,
    0,
    0,
    0,
    1,
    1,
    1,
    1,
    1,
    1,
    1,
    1,
    1,
    1,
    1,
    1,
    1,
    1,
    1,
    1,
    0,
    0,
    0,
    0,
    0,
    0,
    0,
    0,
    1,
    1
  ],
  "metrics": {
    "precision": 1.0,
    "recall": 0.9444444444444444,
    "f1": 0.9714285714285714,
    "accuracy": 0.98,
    "confusion_matrix": [
      [
        32,
        0
      ],
      [
        1,
        17
      ]
    ]
  }
}